<?xml version="1.0" encoding="utf-8" standalone="no"?>
<omniplan xmlns="http://www.omnigroup.com/namespace/OmniPlan/v2" xmlns:opnx="http://www.omnigroup.com/namespace/OmniPlan/v2">
  <window x="0" y="42" w="1280" h="735">
    <editing-scenario>arvYiqnzUMM</editing-scenario>
    <view>task</view>
    <change-tracking/>
    <draw-folded/>
    <status-display>basic</status-display>
    <task-view>
      <split-view-divider-position>441</split-view-divider-position>
      <outline x="0" y="0" w="441" h="601">
        <column name="Violations" width="20"/>
        <column name="Notes" width="20"/>
        <column name="Title" width="333"/>
        <column name="Effort" width="460"/>
        <expanded-items idrefs="t199 t155 t151 t320 t190 t191 t154 t153 t2 t15 t189 t380 t152"/>
        <expanded-item-notes idrefs="t8 t148 t149 t380"/>
        <selected-items-at-filter-time idrefs="t381 t273 t190 t307 t248 t141 t13 t200 t332 t298 t14 t382 t249 t166 t308 t274 t142 t191 t201 t15 t250 t299 t16 t383 t275 t192 t167 t309 t143 t310 t226 t17 t384 t276 t168 t193 t252 t144 t227 t203 t311 t18 t385 t277 t194 t169 t253 t145 t170 t312 t204 t228 t278 t195 t337 t229 t171 t254 t205 t230 t146 t313 t279 t196 t280 t147 t172 t231 t206 t314 t255 t197 t256 t281 t315 t232 t173 t340 t148 t2 t282 t149 t316 t208 t257 t150 t233 t3 t4 t5 t199 t283 t6 t317 t234 t209 t151 t210 t8 t9 t284 t259 t318 t260 t343 t235 t211 t152 t285 t177 t319 t261 t153 t320 t236 t212 t286 t178 t262 t154 t321 t287 t179 t346 t238 t263 t180 t214 t322 t155 t288 t347 t239 t181 t323 t240 t264 t215 t289 t348 t265 t182 t324 t241 t216 t300 t290 t157 t349 t266 t158 t350 t217 t325 t301 t242 t183 t291 t375 t267 t159 t292 t243 t326 t302 t184 t376 t268 t185 t327 t244 t219 t303 t220 t161 t293 t377 t269 t186 t294 t245 t270 t304 t221 t328 t162 t378 t295 t187 t329 t246 t163 t330 t222 t305 t379 t296 t188 t380 t247 t272 t331 t164 t11 t306 t12 t297 t189"/>
      </outline>
      <gantt-view x="-38" y="0" w="823" h="601">
        <view-mode>actual</view-mode>
        <dependency-lines/>
        <constraints/>
        <show-project-end/>
        <task-bar-label task-type="group" position="left">
          <key/>
        </task-bar-label>
        <task-bar-label task-type="group" position="center">
          <key/>
        </task-bar-label>
        <task-bar-label task-type="group" position="right">
          <key>Assigned</key>
        </task-bar-label>
        <task-bar-label task-type="milestone" position="left">
          <key/>
        </task-bar-label>
        <task-bar-label task-type="milestone" position="center">
          <key/>
        </task-bar-label>
        <task-bar-label task-type="milestone" position="right">
          <key>Assigned</key>
        </task-bar-label>
        <task-bar-label task-type="task" position="left">
          <key/>
        </task-bar-label>
        <task-bar-label task-type="task" position="center">
          <key/>
        </task-bar-label>
        <task-bar-label task-type="task" position="right">
          <key>Assigned</key>
        </task-bar-label>
        <scale scale-name="Automatic" full-day-width="363.667">
          <selected/>
        </scale>
        <scale scale-name="Day" full-day-width="1215"/>
        <scale scale-name="Hour" full-day-width="65880"/>
        <scale scale-name="Minute" full-day-width="64800"/>
        <scale scale-name="Month" full-day-width="34.5"/>
        <scale scale-name="Quarter" full-day-width="9.6"/>
        <scale scale-name="Week" full-day-width="162"/>
        <scale scale-name="Year" full-day-width="2.3625"/>
        <offtime-display>none</offtime-display>
      </gantt-view>
    </task-view>
    <resource-view>
      <split-view-divider-position>306</split-view-divider-position>
      <outline x="0" y="0" w="291" h="601">
        <column name="Notes" width="20"/>
        <column name="Type" width="49"/>
        <column name="Resource" width="135"/>
        <column name="#" width="75"/>
        <selected-items-at-filter-time idrefs="r7 r10 r9 r8"/>
      </outline>
      <timeline x="-131" y="0" w="930" h="601">
        <offtime-display>none</offtime-display>
        <show-project-end/>
        <task-bar-label task-type="group" position="left">
          <key>Title</key>
        </task-bar-label>
        <task-bar-label task-type="group" position="center">
          <key/>
        </task-bar-label>
        <task-bar-label task-type="group" position="right">
          <key/>
        </task-bar-label>
        <task-bar-label task-type="milestone" position="left">
          <key>Title</key>
        </task-bar-label>
        <task-bar-label task-type="milestone" position="center">
          <key/>
        </task-bar-label>
        <task-bar-label task-type="milestone" position="right">
          <key>Assigned</key>
        </task-bar-label>
        <task-bar-label task-type="task" position="left">
          <key>Title</key>
        </task-bar-label>
        <task-bar-label task-type="task" position="center">
          <key/>
        </task-bar-label>
        <task-bar-label task-type="task" position="right">
          <key/>
        </task-bar-label>
        <scale scale-name="Automatic" full-day-width="300">
          <selected/>
        </scale>
        <scale scale-name="Day" full-day-width="1215"/>
        <scale scale-name="Hour" full-day-width="65880"/>
        <scale scale-name="Minute" full-day-width="64800"/>
        <scale scale-name="Month" full-day-width="34.5"/>
        <scale scale-name="Quarter" full-day-width="9.6"/>
        <scale scale-name="Week" full-day-width="162"/>
        <scale scale-name="Year" full-day-width="2.3625"/>
      </timeline>
    </resource-view>
    <calendar>
      <split-view-divider-position>290</split-view-divider-position>
      <outline x="0" y="0" w="275" h="567">
        <column name="Notes" width="20"/>
        <column name="Type" width="49"/>
        <column name="Resource" width="139"/>
        <column name="Custom Work Week" width="20"/>
        <column name="Schedule Exception" width="20"/>
      </outline>
    </calendar>
  </window>
  <project>
    <next-task-id>386</next-task-id>
    <next-resource-id>11</next-resource-id>
    <scenario id="arvYiqnzUMM" name="Actual" filename="Actual.xml"/>
    <date-display dates="true" times="true" seconds="false"/>
    <numbering-style>wbs</numbering-style>
    <critical-path-slack>0</critical-path-slack>
    <currency-format>￥ 1,234.56</currency-format>
    <duration-format hours-per-day="8" hours-per-week="40" hours-per-month="160" hours-per-year="1920" hours="true" days="true" weeks="true"/>
    <effort-format hours-per-day="8" hours-per-week="40" hours-per-month="160" hours-per-year="1920" hours="true" days="true" weeks="true"/>
    <base-style>
      <style/>
    </base-style>
    <column-title-style>
      <style>
        <value key="font-name">HelveticaNeue-Medium</value>
        <value key="font-size">12</value>
        <value key="font-weight">6</value>
        <value key="paragraph-alignment">center</value>
      </style>
    </column-title-style>
    <note-style>
      <style>
        <value key="font-fill">
          <color w="0.334677"/>
        </value>
        <value key="font-size">12</value>
      </style>
    </note-style>
    <standard-task-style>
      <style/>
    </standard-task-style>
    <overdue-task-style>
      <style/>
    </overdue-task-style>
    <completed-task-style>
      <style/>
    </completed-task-style>
    <group-task-style>
      <style>
        <value key="font-name">HelveticaNeue-Medium</value>
        <value key="font-weight">6</value>
      </style>
    </group-task-style>
    <milestone-task-style>
      <style/>
    </milestone-task-style>
    <resource-style>
      <style/>
    </resource-style>
    <not-editable-style>
      <style>
        <value key="font-fill">
          <color w="0.334677"/>
        </value>
      </style>
    </not-editable-style>
    <subscribe-refresh>0</subscribe-refresh>
    <leveling>
      <constrains-completion-date/>
    </leveling>
    <rescheduling>
      <updates-selected-tasks/>
    </rescheduling>
    <page-adornment>
      <master-page-headers>
        <header location="left">
          <text>
            <p>
              <run>
                <lit><cell variable="OPDocumentTitleVariableIdentifier"/></lit>
              </run>
            </p>
          </text>
        </header>
        <header location="right">
          <text>
            <p>
              <run>
                <lit><cell variable="OPPrintJobTimestampVariableIdentifier"/></lit>
              </run>
            </p>
          </text>
        </header>
        <footer location="left">
          <text>
            <p>
              <run>
                <lit><cell variable="OPDocumentFilenameVariableIdentifier"/></lit>
              </run>
            </p>
          </text>
        </footer>
        <footer location="right">
          <text>
            <p>
              <run>
                <lit><cell variable="OPPageNumberVariableIdentifier"/></lit>
              </run>
            </p>
          </text>
        </footer>
      </master-page-headers>
    </page-adornment>
  </project>
</omniplan>
