/*
 Navicat Premium Data Transfer

 Source Server         : 121.40.58.50(写库)
 Source Server Type    : MySQL
 Source Server Version : 50535
 Source Host           : localhost
 Source Database       : Zttx-Web-New

 Target Server Type    : MySQL
 Target Server Version : 50535
 File Encoding         : utf-8

 Date: 10/21/2015 20:47:46 PM
*/

SET NAMES utf8;
SET FOREIGN_KEY_CHECKS = 0;

-- ----------------------------
--  Table structure for `RoleMenu`
-- ----------------------------
DROP TABLE IF EXISTS `RoleMenu`;
CREATE TABLE `RoleMenu` (
  `refrenceId` char(32) NOT NULL,
  `roleId` char(32) NOT NULL COMMENT '角色编码',
  `menuId` char(32) NOT NULL COMMENT '菜单编码',
  `createTime` bigint(20) DEFAULT NULL COMMENT '创建时间',
  `updateTime` bigint(20) NOT NULL COMMENT '更新时间',
  `delFlag` bit(1) NOT NULL COMMENT '删除状态',
  PRIMARY KEY (`refrenceId`)
) ENGINE=InnoDB DEFAULT CHARSET=utf8 COMMENT='角色与菜单关联表';

-- ----------------------------
--  Records of `RoleMenu`
-- ----------------------------
BEGIN;
INSERT INTO `RoleMenu` VALUES ('003BF841BCBE405FB34B91159125E9AA', 'D771752C9CEA4B41B65FBB086CA6FBAB', '4B7CC0F89AD047D3BAED3332148F0B84', '1445309855172', '1445309855172', b'0'), ('0493B8BFEA5B419A807B41E45FA65F99', 'D771752C9CEA4B41B65FBB086CA6FBAB', '18BB6F6FAE1B458585C2AC5A51351E3E', '1445309855172', '1445309855172', b'0'), ('0591D7D58743449DBFA6B0B39F977F15', 'D771752C9CEA4B41B65FBB086CA6FBAB', '94C5DC2F92E54712A231D5009C1ED95F', '1445309855171', '1445309855171', b'0'), ('0FDAAAC07664473382AF582A71C1C89A', 'D771752C9CEA4B41B65FBB086CA6FBAB', '93D1F44856B64454B99DFF2917EAC411', '1445309855173', '1445309855173', b'0'), ('127B37A2AF9C41B381923B105002FBB2', 'D771752C9CEA4B41B65FBB086CA6FBAB', '776B35CD18FA47AEA0AC1AC0A757AE54', '1445309855172', '1445309855172', b'0'), ('12C4D9E1F20B42C3B6B303266F56742E', 'D771752C9CEA4B41B65FBB086CA6FBAB', 'B589A0F2812F4332BFBEA0CD7DCC58F5', '1445309855172', '1445309855172', b'0'), ('13EF2BE16D644E23A23F5CAF15846A2B', 'D771752C9CEA4B41B65FBB086CA6FAAC', '5F9CA441CAB44B51ADD51E9ECB3CC154', '1444460137887', '1444460137887', b'0'), ('1CC5F7B5C4DB41E38E35AEAF796AA74F', 'D771752C9CEA4B41B65FBB086CA6FAAC', '8E959595CB26483B99E87908A2A69E26', '1444460137887', '1444460137887', b'0'), ('1DAC40FA2680444695E16DF4EDD37A8A', 'D771752C9CEA4B41B65FBB086CA6FBAB', 'B4DCD9FD0F214F3FADEDBFDD56F77D8F', '1445309855171', '1445309855171', b'0'), ('2319274BC0004CBEBD6421EE790FCEB1', 'D771752C9CEA4B41B65FBB086CA6FAAC', '037E6FFE34954637B3BD9E15AF77303B', '1444460137887', '1444460137887', b'0'), ('2527E76543F14E5AACCBC122FB29DD1F', 'D771752C9CEA4B41B65FBB086CA6FAAC', 'B90C2CE27AB5420C8B14829249CF0E7C', '1444460137887', '1444460137887', b'0'), ('2721672EEDE141DF99E921AB44EA20D3', 'D771752C9CEA4B41B65FBB086CA6FBAB', 'A1E2807D46F54F818208EAB1EAB062B4', '1445309855173', '1445309855173', b'0'), ('2A3119AF60734E49A393461981873AD3', 'D771752C9CEA4B41B65FBB086CA6FAAC', '62CA2EB617C24F85B9AE9E76AF0BB2A4', '1444460137887', '1444460137887', b'0'), ('2D31204E6F7D4C0E9238B5599D69711D', 'D771752C9CEA4B41B65FBB086CA6FAAC', 'C7004486F1D5491482CB61E74CB1BB9C', '1444460137887', '1444460137887', b'0'), ('2F5526610B8B4786920F74900B87A539', 'D771752C9CEA4B41B65FBB086CA6FAAC', '23E6AFB0E2A24F8AA2DB60EB7A75ADC8', '1444460137887', '1444460137887', b'0'), ('33EF8967A64A490CB2D3A10A98DCFE8D', 'D771752C9CEA4B41B65FBB086CA6FBAB', '5A088D71824B48C6B67A15B67A626600', '1445309855172', '1445309855172', b'0'), ('355F47668C2343268A24E54CE0B36F58', 'D771752C9CEA4B41B65FBB086CA6FBAB', 'C25308CC78DD4B0E8610655EA546BF4F', '1445309855172', '1445309855172', b'0'), ('36F4FE02FCF944E2B6799C94A6428966', 'D771752C9CEA4B41B65FBB086CA6FAAC', '45E7D9051BF24ECA8FD8FF2ED4DEF5ED', '1444460137887', '1444460137887', b'0'), ('3836E97ACA414EF091745E4C8CF88C20', 'D771752C9CEA4B41B65FBB086CA6FBAB', 'F513FA2D9DE44C50823B556542BF369D', '1445309855171', '1445309855171', b'0'), ('3953817E8B4D4DB598E464D2C2E29D57', 'D771752C9CEA4B41B65FBB086CA6FAAC', '543B613A56624A9D8E72B68A444C5211', '1444460137887', '1444460137887', b'0'), ('48C6D104DB924F199ACFD470058859DE', 'D771752C9CEA4B41B65FBB086CA6FBAB', 'BBCFB6F0F76F4B3981044389BF2E977D', '1445309855171', '1445309855171', b'0'), ('48FFB9627A504663A6E3D725DF913739', '29966BCCD18B4E19B687E63B042F83CF', '6088BC224DC043FF82D19DFFFB37E216', '1444460103788', '1444460103788', b'0'), ('4DC97006E67840DC88CF61DE783C2C57', 'D771752C9CEA4B41B65FBB086CA6FBAB', 'E31C164C292442CE8406A33C10097DF3', '1445309855172', '1445309855172', b'0'), ('509E31880D274713A36DD9CBD714F291', 'D771752C9CEA4B41B65FBB086CA6FBAB', '6485A074DE01430FAF909EFB55BE68B2', '1445309855173', '1445309855173', b'0'), ('57961075B0324FC48C4E149DA93ED61F', '29966BCCD18B4E19B687E63B042F83CF', '037E6FFE34954637B3BD9E150F77303C', '1444460103788', '1444460103788', b'0'), ('62DAB62FE24144998855CA81DECE1768', 'D771752C9CEA4B41B65FBB086CA6FBAB', '037E6FFE34954637B3BD9E150F77303C', '1445309855170', '1445309855170', b'0'), ('72A3D16F1C24411BBA030787585CC396', 'D771752C9CEA4B41B65FBB086CA6FBAB', '945BA6C4B425456A8EFDE28802CA6DD1', '1445309855172', '1445309855172', b'0'), ('738DB53762C74B64AD245E8F34DAFE91', 'D771752C9CEA4B41B65FBB086CA6FBAB', 'FC6C8FB5331D481AA5EB031100404C23', '1445309855171', '1445309855171', b'0'), ('76BEA713D67E4A5DAC5248365EC9F26D', 'D771752C9CEA4B41B65FBB086CA6FBAB', 'E13B6CA12CDD44F4943FA93B71FDC82F', '1445309855172', '1445309855172', b'0'), ('7ABF04147D5C41339887201EF3ACDE1C', 'D771752C9CEA4B41B65FBB086CA6FBAB', '6088BC224DC043FF82D19DFFFB37E216', '1445309855173', '1445309855173', b'0'), ('8118010B0B0C4E18979DCA143B17219D', 'D771752C9CEA4B41B65FBB086CA6FBAB', 'F263769E1D734804A1F8639C853E0A85', '1445309855172', '1445309855172', b'0'), ('85F3F70F498747C5AFC4FBC71697EE2A', 'D771752C9CEA4B41B65FBB086CA6FBAB', 'AC7C9F912E1D44F4AF616946D85900F7', '1445309855172', '1445309855172', b'0'), ('8907F46C0F8A404FBD3BE20901B46DEE', '29966BCCD18B4E19B687E63B042F83CF', 'A1E2807D46F54F818208EAB1EAB062B4', '1444460103788', '1444460103788', b'0'), ('89458ED0F7EC4CB3B987C302249BFAFC', 'D771752C9CEA4B41B65FBB086CA6FAAC', 'A1B37D3B63C94D42AC8A0F759C98DE0E', '1444460137887', '1444460137887', b'0'), ('8980C5BAD1AC441E9298A6C803897D01', 'D771752C9CEA4B41B65FBB086CA6FBAB', '4AF04C9E64F445628749279B66B2A7E1', '1445309855172', '1445309855172', b'0'), ('89E4758DCF3143D4B8FC578EE59C0235', 'D771752C9CEA4B41B65FBB086CA6FAAC', 'DCDA47B52BAA4E50BB7D32129AC87D9E', '1444460137887', '1444460137887', b'0'), ('8A96DD3DF9814214AC6934D739453169', 'D771752C9CEA4B41B65FBB086CA6FAAC', '115FDDB949414234A6AC6295FE486C25', '1444460137887', '1444460137887', b'0'), ('90BA4270EE0240B0BE1D59CDBCDAC714', 'D771752C9CEA4B41B65FBB086CA6FAAC', '181D72E999DF403CAD0E98CE4515DCB1', '1444460137887', '1444460137887', b'0'), ('955070172D1948A1AB4B6642397FAE4B', 'D771752C9CEA4B41B65FBB086CA6FBAB', '71C6665B4F964DC9A46024AFCD733AED', '1445309855171', '1445309855171', b'0'), ('9A38BC06CC644819A9D096C725ABFBDA', 'D771752C9CEA4B41B65FBB086CA6FBAB', 'FF993AC865F7470DAB9DCFB7425EA4E0', '1445309855173', '1445309855173', b'0'), ('9DCCAB80FAE24A7EBA786FE25D0A2A25', 'D771752C9CEA4B41B65FBB086CA6FBAB', 'B6B0FAA08E3A4F3D98F0FBBB2A0F8827', '1445309855171', '1445309855171', b'0'), ('A0459CA0E3624279BC6C44ED5990A794', 'D771752C9CEA4B41B65FBB086CA6FAAC', '5E9C1A1E32424AB38CC8E9C784FF0985', '1444460137887', '1444460137887', b'0'), ('A22E3D829832439FA9E47147894E385C', 'D771752C9CEA4B41B65FBB086CA6FAAC', 'F65BC359140D4481AA4C4FC2C43A6B94', '1444460137887', '1444460137887', b'0'), ('A59C22C412A941E7813E6D872D9D06A9', '29966BCCD18B4E19B687E63B042F83CF', '2DEDB8184E31488DA5ED610907DAD271', '1444460103788', '1444460103788', b'0'), ('A7B20A5A5FE849ACB3D87CD28780D778', 'D771752C9CEA4B41B65FBB086CA6FBAB', 'FAC22BFDF8E14E54A5669FB40A593A84', '1445309855171', '1445309855171', b'0'), ('A997566CB6794BF1BEEAB5E7D716E6C9', 'D771752C9CEA4B41B65FBB086CA6FAAC', '61DC5BC8AB0A467BA855DB6E5E4906C9', '1444460137887', '1444460137887', b'0'), ('AE4EC77F5859428BB52D83966AB70190', '29966BCCD18B4E19B687E63B042F83CF', 'BD438D8EAD724718AF879A96D93055EE', '1444460103788', '1444460103788', b'0'), ('B036EFF3687F451DA11AD3DE083A3750', 'D771752C9CEA4B41B65FBB086CA6FBAB', '1CA70AB8D343460A9F58D97D68659B19', '1445309855171', '1445309855171', b'0'), ('B9DDA646880C4996AB92A8E6ADDFD72D', 'D771752C9CEA4B41B65FBB086CA6FAAC', '6CCD94791CFE4FD880ED58EE2359E82B', '1444460137887', '1444460137887', b'0'), ('BB4D18E69DAB408181DA8D783691F6D3', 'D771752C9CEA4B41B65FBB086CA6FBAB', '4C121D1AB88C4386A2A4401422F2544E', '1445309855173', '1445309855173', b'0'), ('C02AF7B925BF417580D3A94AB481A325', 'D771752C9CEA4B41B65FBB086CA6FBAB', '2DEDB8184E31488DA5ED610907DAD271', '1445309855173', '1445309855173', b'0'), ('C0B6CF44263D4F2F8654FB6A818A8A59', 'D771752C9CEA4B41B65FBB086CA6FBAB', '215ADB51784F4E1FB2E7E23F16755FCF', '1445309855173', '1445309855173', b'0'), ('C31B7E2D341946388F1712765C08F362', '29966BCCD18B4E19B687E63B042F83CF', 'BFE03178B19748A0AB6C33265AD1A8ED', '1444460103788', '1444460103788', b'0'), ('C36742875EEA468680E3ED049FA91D20', 'D771752C9CEA4B41B65FBB086CA6FBAB', '14921A739D7843B69532F15F133C1954', '1445309855172', '1445309855172', b'0'), ('C38D867F89A24DB19B880AB1287938E6', 'D771752C9CEA4B41B65FBB086CA6FBAB', '94643134C10B4D90A0E9BB464357510B', '1445309855171', '1445309855172', b'0'), ('C3FA31BFB7994792A48B16F91808A299', 'D771752C9CEA4B41B65FBB086CA6FBAB', 'E84586D7F02F43AC98859E76F2012474', '1445309855171', '1445309855171', b'0'), ('C990FC9F32AC4B76BF17A4ACE15C2CB2', 'D771752C9CEA4B41B65FBB086CA6FBAB', 'BFE03178B19748A0AB6C33265AD1A8ED', '1445309855173', '1445309855173', b'0'), ('D3E2992124DA41EF84CCCF51928E4ABC', 'D771752C9CEA4B41B65FBB086CA6FAAC', 'C61DEA0D54854FD6BF704AB842FB88BF', '1444460137887', '1444460137887', b'0'), ('D5FBFFED394244FA96CC500574994030', 'D771752C9CEA4B41B65FBB086CA6FAAC', '587EF86B53B14D179114CC0BA3EB245C', '1444460137887', '1444460137887', b'0'), ('D686EE3A11F54081B457AB8AA8C369F1', '29966BCCD18B4E19B687E63B042F83CF', '945BA6C4B425456A8EFDE28802CA6DD1', '1444460103788', '1444460103788', b'0'), ('E1369E3C366B49A783A79B5369EEFBBC', 'D771752C9CEA4B41B65FBB086CA6FBAB', '99948C7D917948B68958DFD638F5DE89', '1445309855171', '1445309855171', b'0'), ('E7181E38574C497AA41EFAAB22CF2451', 'D771752C9CEA4B41B65FBB086CA6FBAB', '8888C7B3E4A447D6999C37B4C031862B', '1445309855173', '1445309855173', b'0'), ('E9141E896A0D43F88CD90676F003D795', 'D771752C9CEA4B41B65FBB086CA6FBAB', 'F513FA2D9DE44C50823B556542BF469D', '1445309855171', '1445309855171', b'0'), ('EB09077CCBE04752BE1FC11E66E82608', 'D771752C9CEA4B41B65FBB086CA6FBAB', '663669CFC1EC48D3AAF45D6828B0139C', '1445309855171', '1445309855171', b'0'), ('EBAC0B6DD4704F3092D08D48080C0739', 'D771752C9CEA4B41B65FBB086CA6FBAB', '0E8719F59F234280B5BDBAB3E708FAAB', '1445309855171', '1445309855171', b'0'), ('ECC0CCE416B04C179452B9591B4AA645', '29966BCCD18B4E19B687E63B042F83CF', 'FF993AC865F7470DAB9DCFB7425EA4E0', '1444460103788', '1444460103788', b'0'), ('ED7A9068C61E43CAAAAED66AA6F0E164', 'D771752C9CEA4B41B65FBB086CA6FBAB', '903037D77FE34D21A922A514309F215C', '1445309855171', '1445309855171', b'0'), ('EE134EA4917243779256AE2035BCDC54', 'D771752C9CEA4B41B65FBB086CA6FAAC', 'D1A9C9F093344BAAA6204FD185D85F67', '1444460137887', '1444460137887', b'0'), ('F12624A6F331401BAC9F75329CE268D2', 'D771752C9CEA4B41B65FBB086CA6FAAC', 'FCBE0A4638F64E8C946E08E9DB669A2D', '1444460137887', '1444460137887', b'0'), ('F27FE12CA2E14EF0B1967DC79924E2B8', 'D771752C9CEA4B41B65FBB086CA6FBAB', '3360F8DF8F924A9FA3B53021BD5ED393', '1445309855171', '1445309855171', b'0'), ('F4F9E94361BF4788BC575D6082DBE984', 'D771752C9CEA4B41B65FBB086CA6FBAB', '509A957D93A54BF4BD9D094037B32EFC', '1445309855173', '1445309855173', b'0'), ('F78D1DBF303E45E99DCB49450622B1D5', 'D771752C9CEA4B41B65FBB086CA6FAAC', 'CDDFA8D41B78455891AD20E24945B8B0', '1444460137887', '1444460137887', b'0'), ('FB89DDD4546744CBA21D6DC31E0D3A1A', 'D771752C9CEA4B41B65FBB086CA6FAAC', 'E8212942AB984ACBBDCF3872EE021DDE', '1444460137887', '1444460137887', b'0'), ('FD35BD6C5BBD46B5BAD62B70E9E0133F', 'D771752C9CEA4B41B65FBB086CA6FBAB', '18A9F1428F0648F58B429A39DE4D4E4A', '1445309855172', '1445309855172', b'0'), ('FE3F0D60E7D84E90879FE90F9EC42CD9', 'D771752C9CEA4B41B65FBB086CA6FBAB', 'BD438D8EAD724718AF879A96D93055EE', '1445309855173', '1445309855173', b'0'), ('FE6EDDB57C1F496D9EDE45FCC354C88B', '29966BCCD18B4E19B687E63B042F83CF', '18A9F1428F0648F58B429A39DE4D4E4A', '1444460103788', '1444460103788', b'0'), ('FF7BBCEB2B2A4369AFF940DA94F958BE', 'D771752C9CEA4B41B65FBB086CA6FBAB', 'F513FA2D9DE44C50823B556543BF369D', '1445309855171', '1445309855171', b'0');
COMMIT;

-- ----------------------------
--  Table structure for `MenuInfo`
-- ----------------------------
DROP TABLE IF EXISTS `MenuInfo`;
CREATE TABLE `MenuInfo` (
  `refrenceId` char(32) NOT NULL COMMENT '资料编号',
  `upMenuId` char(32) NOT NULL COMMENT '上层编号',
  `menuName` varchar(32) NOT NULL COMMENT '菜单名称',
  `menuAddr` varchar(128) NOT NULL COMMENT '菜单地址',
  `menuType` bit(1) NOT NULL COMMENT '菜单类型：\n0 指菜单\n1 指权限',
  `authority` varchar(32) DEFAULT NULL COMMENT '权限编码',
  `menuLevel` tinyint(4) DEFAULT NULL COMMENT '菜单级别',
  `menuOrder` int(11) DEFAULT NULL COMMENT '排序编号',
  `menuStyle` varchar(32) DEFAULT NULL COMMENT '菜单样式',
  `canTop` bit(1) DEFAULT NULL COMMENT '是否可在顶部显示（0：表是否，1：表是是）',
  `isSelect` bit(1) DEFAULT NULL COMMENT '是否可以设置1：可以， 0不可以',
  `shopMenu` bit(1) DEFAULT NULL COMMENT '是否是微店菜单0：否，1是',
  `menuOpen` bit(1) NOT NULL COMMENT '菜单是否展开',
  `showflag` bit(1) NOT NULL COMMENT '是否显示1：显示0：不显示',
  `createTime` bigint(20) NOT NULL COMMENT '创建时间\n',
  `updateTime` bigint(20) DEFAULT NULL COMMENT '最后修改时间',
  `delFlag` bit(1) NOT NULL COMMENT '删除状态',
  PRIMARY KEY (`refrenceId`)
) ENGINE=InnoDB DEFAULT CHARSET=utf8 COMMENT='经销商、品牌商菜单信息';

-- ----------------------------
--  Records of `MenuInfo`
-- ----------------------------
BEGIN;
INSERT INTO `MenuInfo` VALUES ('037E6FFE34954637B3BD9E150F77303C', '-1', '品牌商后台', '', b'1', 'brand:center', '1', '1', '-1,1', b'0', null, b'0', b'0', b'0', '0', '0', b'0'), ('037E6FFE34954637B3BD9E15AF77303B', '-1', '终端商后台', '', b'1', 'dealer:center', '1', '1', '-1,2', b'0', null, b'0', b'0', b'0', '0', '0', b'0'), ('0E8719F59F234280B5BDBAB3E708FAAB', 'F513FA2D9DE44C50823B556543BF369D', '采购订单', '/brand/order/purorder?menuId=0E8719F59F234280B5BDBAB3E708FAAB', b'0', '', '4', '1', null, b'0', null, null, b'0', b'1', '1439608662184', '1441157729657', b'0'), ('115FDDB949414234A6AC6295FE486C25', '181D72E999DF403CAD0E98CE4515DCB1', '品牌商财务账', '/dealer/dealerFinancial/financial?menuId=181D72E999DF403CAD0E98CE4515DCB1', b'0', '', '3', '11', 'icon i5', b'0', null, null, b'0', b'1', '1441675650609', '1443506198086', b'0'), ('14921A739D7843B69532F15F133C1954', '903037D77FE34D21A922A514309F215C', '转账', '/brand/payApi/brandTransfer?menuId=903037D77FE34D21A922A514309F215C', b'0', '', '3', '23', 'icon i4', b'0', null, null, b'0', b'1', '1443082750173', '1443083293715', b'0'), ('181D72E999DF403CAD0E98CE4515DCB1', '037E6FFE34954637B3BD9E15AF77303B', '管理中心', '/dealer/center?menuId=181D72E999DF403CAD0E98CE4515DCB1', b'0', '', '2', '1', null, b'1', null, null, b'1', b'1', '1439810292209', '1440567336078', b'0'), ('18A9F1428F0648F58B429A39DE4D4E4A', '945BA6C4B425456A8EFDE28802CA6DD1', '账户信息', '', b'0', '', '3', '1', 'icon i1', b'0', null, null, b'0', b'1', '1439609005971', '1445306245037', b'0'), ('18BB6F6FAE1B458585C2AC5A51351E3E', '903037D77FE34D21A922A514309F215C', '终端商财务账', '/brand/brandFinancial/financial?menuId=903037D77FE34D21A922A514309F215C', b'0', '', '3', '15', 'icon i4', b'0', null, null, b'0', b'1', '1441877079843', '1443506189746', b'0'), ('1CA70AB8D343460A9F58D97D68659B19', 'F513FA2D9DE44C50823B556542BF469D', '分类管理', '/common/productCatalog?menuId=1CA70AB8D343460A9F58D97D68659B19', b'0', '', '4', '4', null, b'0', null, null, b'0', b'1', '1439608529661', '1439789569764', b'0'), ('215ADB51784F4E1FB2E7E23F16755FCF', '509A957D93A54BF4BD9D094037B32EFC', '我的消息', '', b'0', '', '3', '1', 'icon i2', b'0', null, null, b'0', b'1', '1440419210518', '1440419210518', b'0'), ('23E6AFB0E2A24F8AA2DB60EB7A75ADC8', '037E6FFE34954637B3BD9E15AF77303B', '支付平台', 'https://pay.8637.com', b'0', '', '2', '4', '', b'1', null, null, b'1', b'1', '1443399082859', '1445305586436', b'0'), ('2DEDB8184E31488DA5ED610907DAD271', '18A9F1428F0648F58B429A39DE4D4E4A', '安全验证', '/brand/info/verifPage?menuId=2DEDB8184E31488DA5ED610907DAD271', b'0', '', '4', '5', null, b'0', null, null, b'0', b'1', '1439609099283', '1439609099283', b'0'), ('3360F8DF8F924A9FA3B53021BD5ED393', 'F513FA2D9DE44C50823B556542BF469D', '产品列表', '/brand/product/list?menuId=3360F8DF8F924A9FA3B53021BD5ED393', b'0', '', '4', '2', null, b'0', null, null, b'0', b'1', '1439608496903', '1440209590636', b'0'), ('45E7D9051BF24ECA8FD8FF2ED4DEF5ED', '181D72E999DF403CAD0E98CE4515DCB1', '订单管理', '/dealer/dealerOrder/order?menuId=181D72E999DF403CAD0E98CE4515DCB1', b'0', '', '3', '9', 'icon i3', b'0', null, null, b'0', b'1', '1441106742438', '1445310701364', b'0'), ('4AF04C9E64F445628749279B66B2A7E1', 'AC7C9F912E1D44F4AF616946D85900F7', '寻找终端商', '/brand/dealer/findDealer?menuId=4AF04C9E64F445628749279B66B2A7E1', b'0', '', '4', '2', null, b'0', null, null, b'0', b'1', '1441015048516', '1441015143971', b'0'), ('4B7CC0F89AD047D3BAED3332148F0B84', '903037D77FE34D21A922A514309F215C', '运费模板', '/brand/freightTemplate/list?menuId=903037D77FE34D21A922A514309F215C', b'0', '', '3', '22', 'icon i5', b'0', null, null, b'0', b'1', '1439799709149', '1440907383771', b'0'), ('4C121D1AB88C4386A2A4401422F2544E', '215ADB51784F4E1FB2E7E23F16755FCF', '发布新消息', '/brand/message/send?menuId=4C121D1AB88C4386A2A4401422F2544E', b'0', '', '4', '2', '', b'0', null, null, b'0', b'1', '1440664719867', '1444460777529', b'0'), ('509A957D93A54BF4BD9D094037B32EFC', '037E6FFE34954637B3BD9E150F77303C', '我的消息', '/brand/message/list?menuId=8888C7B3E4A447D6999C37B4C031862B', b'0', '', '2', '3', null, b'1', null, null, b'1', b'1', '1439607556357', '1440418401408', b'0'), ('543B613A56624A9D8E72B68A444C5211', 'CDDFA8D41B78455891AD20E24945B8B0', '品牌收藏夹', '/dealer/dealerJoinManage/brandsCollect?menuId=543B613A56624A9D8E72B68A444C5211', b'0', '', '4', '3', null, b'0', null, null, b'0', b'1', '1439812142037', '1441013866131', b'0'), ('587EF86B53B14D179114CC0BA3EB245C', 'D1A9C9F093344BAAA6204FD185D85F67', '密码管理', '/dealer/account/password?menuId=587EF86B53B14D179114CC0BA3EB245C', b'0', '', '4', '2', '', b'0', null, null, b'1', b'1', '1443399204227', '1443407822246', b'0'), ('5A088D71824B48C6B67A15B67A626600', 'AC7C9F912E1D44F4AF616946D85900F7', '平台推荐的终端商', '/brand/dealer/listDealerGroom?menuId=5A088D71824B48C6B67A15B67A626600', b'0', '', '4', '3', '', b'0', null, null, b'0', b'0', '1441015179104', '1443598167823', b'0'), ('5E9C1A1E32424AB38CC8E9C784FF0985', '61DC5BC8AB0A467BA855DB6E5E4906C9', '消息中心', '', b'0', '', '3', '1', 'icon i2', b'0', null, null, b'1', b'1', '1440472357907', '1445305590527', b'0'), ('5F9CA441CAB44B51ADD51E9ECB3CC154', 'CDDFA8D41B78455891AD20E24945B8B0', '申请加盟管理', '/dealer/dealerJoinManage/applying?menuId=5F9CA441CAB44B51ADD51E9ECB3CC154', b'0', '', '4', '2', null, b'0', null, null, b'0', b'1', '1439812048201', '1441013873206', b'0'), ('6088BC224DC043FF82D19DFFFB37E216', '18A9F1428F0648F58B429A39DE4D4E4A', '联系资料', '/brand/contact/list?menuId=6088BC224DC043FF82D19DFFFB37E216', b'0', '', '4', '1', '', b'0', null, null, b'0', b'1', '1439609038867', '1445301729624', b'0'), ('61DC5BC8AB0A467BA855DB6E5E4906C9', '037E6FFE34954637B3BD9E15AF77303B', '我的消息', '/dealer/message?menuId=FCBE0A4638F64E8C946E08E9DB669A2D', b'0', '', '2', '3', null, b'1', null, null, b'0', b'1', '1440470334056', '1440472144068', b'0'), ('62CA2EB617C24F85B9AE9E76AF0BB2A4', '181D72E999DF403CAD0E98CE4515DCB1', '我的授权产品库', '/dealer/dealerShoper/grant?menuId=181D72E999DF403CAD0E98CE4515DCB1', b'0', '', '3', '0', 'icon i1', b'0', null, null, b'0', b'1', '1440032436840', '1442212561006', b'0'), ('6485A074DE01430FAF909EFB55BE68B2', '037E6FFE34954637B3BD9E150F77303C', '我的财务', 'https://pay.8637.com', b'0', '', '2', '4', '', b'1', null, null, b'0', b'1', '1439607604500', '1442394986680', b'0'), ('663669CFC1EC48D3AAF45D6828B0139C', 'F513FA2D9DE44C50823B556542BF369D', '新增品牌', '/brand/brandesInfo/brandes?menuId=663669CFC1EC48D3AAF45D6828B0139C', b'0', '', '4', '1', null, b'0', null, null, b'0', b'1', '1439608233557', '1440125782320', b'0'), ('6CCD94791CFE4FD880ED58EE2359E82B', '181D72E999DF403CAD0E98CE4515DCB1', '服务管理', '/dealer/webServiceItems/index?menuId=181D72E999DF403CAD0E98CE4515DCB1', b'0', '', '3', '10', 'icon i2', b'0', null, null, b'0', b'1', '1440746438466', '1440746691349', b'0'), ('71C6665B4F964DC9A46024AFCD733AED', 'F513FA2D9DE44C50823B556543BF369D', '待发货订单', '/brand/order/purorder/2?menuId=71C6665B4F964DC9A46024AFCD733AED', b'0', '', '4', '3', null, b'0', null, null, b'0', b'1', '1439608692834', '1439608692834', b'0'), ('776B35CD18FA47AEA0AC1AC0A757AE54', 'F513FA2D9DE44C50823B556543BF369D', '总账退款处理', '/brand/refund/factory?menuId=776B35CD18FA47AEA0AC1AC0A757AE54', b'0', '', '4', '6', '', b'0', null, null, b'1', b'1', '1445309837617', '1445309994784', b'0'), ('8888C7B3E4A447D6999C37B4C031862B', '215ADB51784F4E1FB2E7E23F16755FCF', '消息管理', '/brand/message/list?menuId=8888C7B3E4A447D6999C37B4C031862B', b'0', '', '4', '1', '', b'0', null, null, b'0', b'1', '1440664931733', '1444460783906', b'0'), ('8E959595CB26483B99E87908A2A69E26', 'CDDFA8D41B78455891AD20E24945B8B0', '已加盟品牌库', '/dealer/dealerJoinManage/copartner/brandes?menuId=8E959595CB26483B99E87908A2A69E26', b'0', '', '4', null, null, b'0', null, null, b'0', b'1', '1439811415796', '1441013991812', b'0'), ('903037D77FE34D21A922A514309F215C', '037E6FFE34954637B3BD9E150F77303C', '管理中心', '/brand/center?menuId=903037D77FE34D21A922A514309F215C', b'0', '', '2', '1', null, b'1', null, null, b'0', b'1', '1439607446950', '1439607477172', b'0'), ('93D1F44856B64454B99DFF2917EAC411', '509A957D93A54BF4BD9D094037B32EFC', '优化建议', '/brand/brandAdvice/index?menuId=93D1F44856B64454B99DFF2917EAC411', b'0', '1', '3', '25', 'icon i9', b'0', null, null, b'1', b'1', '1442287030582', '1443488208550', b'0'), ('945BA6C4B425456A8EFDE28802CA6DD1', '037E6FFE34954637B3BD9E150F77303C', '我的账户', '/brand/contact/list?menuId=6088BC224DC043FF82D19DFFFB37E216', b'0', '', '2', '2', '', b'1', null, null, b'0', b'1', '1439607524496', '1442891737623', b'0'), ('94643134C10B4D90A0E9BB464357510B', 'F513FA2D9DE44C50823B556543BF369D', '服务评分', '/dealer/dealerFeed/brand/list?menuId=94643134C10B4D90A0E9BB464357510B', b'0', '', '4', '5', null, b'0', null, null, b'1', b'1', '1439608734479', '1439608734479', b'0'), ('94C5DC2F92E54712A231D5009C1ED95F', 'F513FA2D9DE44C50823B556542BF369D', '域名设置', '/brand/brandsDomain/domain?menuId=94C5DC2F92E54712A231D5009C1ED95F', b'0', '', '4', '3', null, b'0', null, null, b'0', b'1', '1439608270966', '1440397675032', b'0'), ('99948C7D917948B68958DFD638F5DE89', 'F513FA2D9DE44C50823B556542BF369D', '资讯管理', '/brand/brandNews/news?menuId=99948C7D917948B68958DFD638F5DE89', b'0', '', '4', '5', null, b'0', null, null, b'0', b'1', '1439608302863', '1439608302863', b'0'), ('A1B37D3B63C94D42AC8A0F759C98DE0E', '037E6FFE34954637B3BD9E15AF77303B', '我的账户', '/dealer/dealerInfo/account/infor?menuId=DCDA47B52BAA4E50BB7D32129AC87D9E', b'0', '', '2', '2', '', b'1', null, null, b'1', b'1', '1443399040978', '1445305594493', b'0'), ('A1E2807D46F54F818208EAB1EAB062B4', '18A9F1428F0648F58B429A39DE4D4E4A', '密码管理', '/common/brand/password?menuId=A1E2807D46F54F818208EAB1EAB062B4', b'0', '', '4', '4', null, b'0', null, null, b'0', b'1', '1439609083485', '1439609083485', b'0'), ('AC7C9F912E1D44F4AF616946D85900F7', '903037D77FE34D21A922A514309F215C', '终端商管理', '', b'0', '', '3', '11', 'icon i6', b'0', null, null, b'0', b'1', '1441014916575', '1445305574478', b'0'), ('B4DCD9FD0F214F3FADEDBFDD56F77D8F', 'F513FA2D9DE44C50823B556543BF369D', '发货地址', '/brand/brandAddress/execute?menuId=B4DCD9FD0F214F3FADEDBFDD56F77D8F', b'0', '', '4', '4', null, b'0', null, null, b'0', b'1', '1439608715912', '1439608715912', b'0'), ('B589A0F2812F4332BFBEA0CD7DCC58F5', 'AC7C9F912E1D44F4AF616946D85900F7', '终端商等级管理', '/brand/brandLevel/level?menuId=B589A0F2812F4332BFBEA0CD7DCC58F5', b'0', '', '4', '5', '', b'0', null, null, b'0', b'1', '1441015220202', '1444460501977', b'0'), ('B6B0FAA08E3A4F3D98F0FBBB2A0F8827', 'F513FA2D9DE44C50823B556542BF469D', '产品回收', '/brand/product/recycle?menuId=B6B0FAA08E3A4F3D98F0FBBB2A0F8827', b'0', '', '4', '5', null, b'0', null, null, b'0', b'1', '1439608542013', '1440638193864', b'0'), ('B90C2CE27AB5420C8B14829249CF0E7C', 'D1A9C9F093344BAAA6204FD185D85F67', '账户设置', '/dealer/dealerInfo/account/config?menuId=B90C2CE27AB5420C8B14829249CF0E7C', b'0', '', '4', '5', '', b'0', null, null, b'1', b'1', '1443399278233', '1443407408162', b'0'), ('BBCFB6F0F76F4B3981044389BF2E977D', 'F513FA2D9DE44C50823B556542BF369D', '资料管理', '/brand/brandDocument?menuId=BBCFB6F0F76F4B3981044389BF2E977D', b'0', '', '4', '4', null, b'0', null, null, b'0', b'1', '1439608289444', '1440483686827', b'0'), ('BD438D8EAD724718AF879A96D93055EE', '18A9F1428F0648F58B429A39DE4D4E4A', '企业资料', '/brand/info/index?menuId=BD438D8EAD724718AF879A96D93055EE', b'0', '', '4', '2', null, b'0', null, null, b'0', b'1', '1439609052386', '1439609052386', b'0'), ('BFE03178B19748A0AB6C33265AD1A8ED', '18A9F1428F0648F58B429A39DE4D4E4A', '证书管理', '/brand/card/execute?menuId=BFE03178B19748A0AB6C33265AD1A8ED', b'0', '', '4', '3', null, b'0', null, null, b'0', b'1', '1439609065753', '1439609065753', b'0'), ('C25308CC78DD4B0E8610655EA546BF4F', 'AC7C9F912E1D44F4AF616946D85900F7', '申请中的终端商', '/brand/dealer/listDealerApply?menuId=C25308CC78DD4B0E8610655EA546BF4F', b'0', '', '4', '1', null, b'0', null, null, b'0', b'1', '1441015013784', '1441015127263', b'0'), ('C61DEA0D54854FD6BF704AB842FB88BF', '181D72E999DF403CAD0E98CE4515DCB1', '微店管理', '/dealer/weishop?menuId=181D72E999DF403CAD0E98CE4515DCB1', b'0', '', '3', '11', 'icon i7', b'0', null, null, b'0', b'1', '1440982357473', '1445306239033', b'0'), ('C7004486F1D5491482CB61E74CB1BB9C', '181D72E999DF403CAD0E98CE4515DCB1', '转账', '/dealer/payApi/dealerTransfer?menuId=181D72E999DF403CAD0E98CE4515DCB1', b'0', '', '3', '24', 'icon i4', b'0', null, null, b'0', b'1', '1443082926057', '1445305601068', b'0'), ('CDDFA8D41B78455891AD20E24945B8B0', '181D72E999DF403CAD0E98CE4515DCB1', '加盟管理', '', b'0', '', '3', '2', 'icon i6', b'0', null, null, b'0', b'1', '1439811263006', '1441013797539', b'0'), ('D1A9C9F093344BAAA6204FD185D85F67', 'A1B37D3B63C94D42AC8A0F759C98DE0E', '账户管理', '', b'0', '', '3', '1', 'icon i1', b'0', null, null, b'1', b'1', '1443399119775', '1443407113634', b'0'), ('DCDA47B52BAA4E50BB7D32129AC87D9E', 'D1A9C9F093344BAAA6204FD185D85F67', '资料管理', '/dealer/dealerInfo/account/infor?menuId=DCDA47B52BAA4E50BB7D32129AC87D9E', b'0', '', '4', '1', '', b'0', null, null, b'1', b'1', '1443399177369', '1443407599343', b'0'), ('E13B6CA12CDD44F4943FA93B71FDC82F', '903037D77FE34D21A922A514309F215C', '优化建议', '/brand/brandAdvice/index?menuId=E13B6CA12CDD44F4943FA93B71FDC82F', b'0', '', '3', '25', 'icon i9', b'0', null, null, b'1', b'1', '1442282515828', '1442827227778', b'0'), ('E31C164C292442CE8406A33C10097DF3', 'AC7C9F912E1D44F4AF616946D85900F7', '已合作的终端商', '/brand/join/list?menuId=E31C164C292442CE8406A33C10097DF3', b'0', '', '4', '4', null, b'0', null, null, b'0', b'1', '1441015197261', '1441015233330', b'0'), ('E8212942AB984ACBBDCF3872EE021DDE', 'D1A9C9F093344BAAA6204FD185D85F67', '收货地址', '/dealer/dealerAddr/account/address?menuId=E8212942AB984ACBBDCF3872EE021DDE', b'0', '', '4', '4', '', b'0', null, null, b'1', b'1', '1443399254424', '1443407918405', b'0'), ('E84586D7F02F43AC98859E76F2012474', 'F513FA2D9DE44C50823B556542BF369D', '我的品牌', '/brand/brandesInfo/brands/list?menuId=E84586D7F02F43AC98859E76F2012474', b'0', '', '4', '2', null, b'0', null, null, b'0', b'1', '1439608249615', '1440121161369', b'0'), ('F263769E1D734804A1F8639C853E0A85', '903037D77FE34D21A922A514309F215C', '图片管理', '/brand/brandImage/image?menuId=903037D77FE34D21A922A514309F215C', b'0', '', '3', '5', 'icon i7', b'0', null, null, b'0', b'1', '1439862692106', '1445310696435', b'0'), ('F513FA2D9DE44C50823B556542BF369D', '903037D77FE34D21A922A514309F215C', '品牌管理', '', b'0', '', '3', '1', 'icon i1', b'0', null, null, b'0', b'1', '1439607637771', '1445305577935', b'0'), ('F513FA2D9DE44C50823B556542BF469D', '903037D77FE34D21A922A514309F215C', '产品管理', '', b'0', '', '3', '2', 'icon i2', b'0', b'0', b'0', b'0', b'1', '1439607637771', '1439607637771', b'0'), ('F513FA2D9DE44C50823B556543BF369D', '903037D77FE34D21A922A514309F215C', '交易管理', '', b'0', '', '3', '3', 'icon i3', b'0', b'0', b'0', b'0', b'1', '1439607637771', '1439607637771', b'0'), ('F65BC359140D4481AA4C4FC2C43A6B94', 'D1A9C9F093344BAAA6204FD185D85F67', '安全验证', '/dealer/dealerInfo/account/security?menuId=F65BC359140D4481AA4C4FC2C43A6B94', b'0', '', '4', '3', '', b'0', null, null, b'1', b'1', '1443399228026', '1443407697058', b'0'), ('FAC22BFDF8E14E54A5669FB40A593A84', 'F513FA2D9DE44C50823B556542BF469D', '发布新产品', '/brand/product/create/choose/dealdic?menuId=FAC22BFDF8E14E54A5669FB40A593A84', b'0', '', '4', '1', null, b'0', null, null, b'0', b'1', '1439608482688', '1439608482688', b'0'), ('FC6C8FB5331D481AA5EB031100404C23', 'F513FA2D9DE44C50823B556542BF469D', '批量上传', '/brand/product/upload?menuId=FC6C8FB5331D481AA5EB031100404C23', b'0', '', '4', '3', null, b'0', null, null, b'0', b'1', '1439608511238', '1440553486254', b'0'), ('FCBE0A4638F64E8C946E08E9DB669A2D', '5E9C1A1E32424AB38CC8E9C784FF0985', '系统消息', '/dealer/message/system?menuId=FCBE0A4638F64E8C946E08E9DB669A2D', b'0', '', '4', '1', null, b'0', null, null, b'0', b'1', '1440472410827', '1440472410827', b'0'), ('FF993AC865F7470DAB9DCFB7425EA4E0', '945BA6C4B425456A8EFDE28802CA6DD1', '优化建议', '/brand/brandAdvice/index?menuId=FF993AC865F7470DAB9DCFB7425EA4E0', b'0', '', '3', '25', 'icon i9', b'0', null, null, b'1', b'1', '1442286984234', '1442827263845', b'0');
COMMIT;

-- ----------------------------
--  Table structure for `Adverts`
-- ----------------------------
DROP TABLE IF EXISTS `Adverts`;
CREATE TABLE `Adverts` (
  `refrenceId` char(32) NOT NULL DEFAULT '' COMMENT '资料编号',
  `advertId` varchar(32) NOT NULL COMMENT '广告位编号',
  `imgWeight` int(11) NOT NULL COMMENT '广告权重',
  `adTitle` varchar(64) NOT NULL COMMENT '广告标题',
  `urlAddress` varchar(128) NOT NULL COMMENT '链接地址',
  `domainName` varchar(128) DEFAULT NULL COMMENT '广告图片域名',
  `backgroundColor` varchar(64) DEFAULT NULL COMMENT '背景颜色： 一般是#000000 或 #990',
  `adLogo` varchar(128) DEFAULT NULL COMMENT '广告图片',
  `altMark` varchar(128) DEFAULT NULL COMMENT '图片/附档的alt描述',
  `beginTime` bigint(20) NOT NULL COMMENT '广告开始时间',
  `endTime` bigint(20) NOT NULL COMMENT '广告结束时间',
  `orderId` int(11) NOT NULL DEFAULT '1' COMMENT '排序字段',
  `createTime` bigint(20) NOT NULL COMMENT '创建时间',
  `updateTime` bigint(20) DEFAULT NULL COMMENT '修改时间',
  `target` varchar(32) DEFAULT NULL COMMENT '打开方式',
  `delFlag` tinyint(4) NOT NULL COMMENT '删除状态0：正常1：删除',
  PRIMARY KEY (`refrenceId`)
) ENGINE=InnoDB DEFAULT CHARSET=utf8 COMMENT='广告';

-- ----------------------------
--  Records of `Adverts`
-- ----------------------------
BEGIN;
INSERT INTO `Adverts` VALUES ('0690AFB3918E43FDB15C4F5F8AA4D83F', 'E5662FB9499F4B808CE30A19BD19F2D5', '4', '金色领头羊', 'http://550847.8637.com/', null, '', '/upload/common/img/2015/20151020/5DF642A4A2F04710BC902092B2A292AE.jpg', '金色领头羊', '1445270400000', '1446047999999', '4', '1445307661212', '1445330187535', '_blank', '0'), ('0A148BB3D3324369A73DFB6F37AFC91B', '7B83CD44E05247619A34173F6586D5B9', '1', '朵彩', 'http://docare.8637.com/', null, '#bbe1ee', '/upload/common/img/2015/20151020/3882FC2C5B7D4EAEA2B958033AD2BF83.jpg', '朵彩', '1445184000000', '1445961599999', '1', '1445240896288', '1445329607652', '_blank', '0'), ('15FD2CBC4756407CA650C1020B53FB06', '74DA531F6E654D6EBC18ABC2ED309E84', '2', '宝薇佳利', 'http://875606.8637.com/', null, '', '/upload/common/img/2015/20151021/C2534F03C0DC41F4BE670E760232E689.jpg', '宝薇佳利', '1445356800000', '1446134399999', '2', '1445412781191', null, '_blank', '0'), ('1902CFB6DE66429097832ABFDF8E6B4D', '15A37F62ADB448B2B28D38CE8B33EB07', '4', 'Lanle', 'http://657042.8637.com/', null, '', '/upload/common/img/2015/20151021/CDBDBF4BD3A6453F98DDF65EDFC3014E.jpg', 'Lanle', '1445184000000', '1445961599999', '4', '1445244643143', '1445420045939', '_blank', '0'), ('1A8453473ABF44D884127B3EFE14D679', 'BBB162AEA231449386C74FE680105698', '1', '乐儿佳', 'http://597940.8637.com/', null, '', '/upload/common/img/2015/20151020/62805F7CDB0C4F1C9AEE5D8EF7EA80D0.jpg', '乐儿佳', '1445184000000', '1445788799999', '1', '1445243703899', '1445329807425', '_blank', '0'), ('1CC2E8C966854007A1934B7B0B79192A', '1226CCD604E5455E9DB3AA693581F77C', '2', '春天瑞朵', 'http://229240.8637.com/product', null, '', '/upload/common/img/2015/20151020/119D5B270DF9460CB8EBFE938CFF043D.jpg', '春天瑞朵', '1445184000000', '1445961599999', '2', '1445243876570', '1445329704216', '_blank', '0'), ('1D4D32791921429DB6CDA79D041E743E', '15A37F62ADB448B2B28D38CE8B33EB07', '8', '索巴克', 'http://365754.8637.com/', null, '', '/upload/common/img/2015/20151020/DBC8DE4832F74AC38589CBB938D8AEF3.jpg', '索巴克', '1445184000000', '1445788799999', '8', '1445245371250', '1445330260578', '_blank', '0'), ('1D85BF1BB16847288BB0CEE7DFD05468', 'BD5BC29A8A0A49869433CCE6A14BB50D', '3', '游子', 'http://youzi8.8637.com/', null, '', '/upload/common/img/2015/20151021/B886E5CAD9FC4CCCA9932CA5BA046B6B.jpg', '游子', '1445356800000', '1446134399999', '3', '1445413507510', null, '_blank', '0'), ('2D74A6B13FC94DB694DE590EDF8B3CF0', '39B55D1CD7BB4523BC284F3CE5E8C387', '1', '蒂柏拉', 'http://679872.8637.com/', null, '', '/upload/common/img/2015/20151020/C193FDA204AE4376857C5E6AC804D202.jpg', '蒂柏拉', '1445184000000', '1446047999999', '1', '1445244707408', '1445330352545', '_blank', '0'), ('2DF641ABB20F4FF9B9F865860936CB4B', 'A4C2A4BB2F874C528E1DB1D008E98D73', '3', '雅歌莉', 'http://290119.8637.com/', null, '', '/upload/common/img/2015/20151021/838E34A8D06F40089A40A2421C86E37A.jpg', '雅歌莉', '1445356800000', '1446134399999', '3', '1445412611579', null, '_blank', '0'), ('2EA81A40D77244DB8B4CDC44903FC830', '15A37F62ADB448B2B28D38CE8B33EB07', '1', '路狄夫', 'http://714022.8637.com/product', null, '', '/upload/common/img/2015/20151020/C53AB70BBD8D40E69C4B52AC0B35AE0F.jpg', '路狄夫', '1445184000000', '1445961599999', '1', '1445244136148', '1445329959920', '_blank', '0'), ('30D03BB2F0DB4739AEE37FA291FA8EE3', '15A37F62ADB448B2B28D38CE8B33EB07', '10', '胜龙+', 'http://953917.8637.com/', null, '', '/upload/common/img/2015/20151020/F59D2CF7B8FC4AD7928B84A8FF652FDE.jpg', '胜龙+', '1445184000000', '1445961599999', '10', '1445245501688', '1445329629156', '_blank', '0'), ('315FABEF659A472DB6C47D245C323C7A', 'E5662FB9499F4B808CE30A19BD19F2D5', '5', '浪莎', 'http://8645743274.8637.com/', null, '', '/upload/common/img/2015/20151020/276BE74B3CE74778AA7E79050C79FCFA.jpg', '浪莎', '1445270400000', '1446047999999', '5', '1445308052167', '1445330175835', '_blank', '0'), ('3413505C4E944B45AC59E4276B99CCD8', 'E5662FB9499F4B808CE30A19BD19F2D5', '7', '马狮龙', 'http://227526.8637.com/', null, '', '/upload/common/img/2015/20151020/1AC0204555484624829EDCD81EC89531.jpg', '马狮龙', '1445270400000', '1446047999999', '7', '1445308603680', '1445330155290', '_blank', '0'), ('3ABE42F717C04CCDAF4B35080E7391C1', 'ED895C92B19C4D3CADB741617EF73F1C', '2', '马狮龙+', 'http://227526.8637.com/product', null, '', '/upload/common/img/2015/20151020/33A305B8216B4E0D91E5C60A3FE1489C.jpg', '马狮龙+', '1445184000000', '1445961599999', '2', '1445243131956', '1445329764688', '_blank', '0'), ('3C5045CE89D2459D82F3B5BE3A4455C7', '1226CCD604E5455E9DB3AA693581F77C', '1', '朵彩', 'http://docare.8637.com/product', null, '', '/upload/common/img/2015/20151020/C052FCE4D4F74AC58BD7888914D9195B.jpg', '朵彩', '1445184000000', '1445961599999', '1', '1445243630878', '1445329717212', '_blank', '0'), ('40EB9D5BBCE44945BC4055EF396A4E8F', '15A37F62ADB448B2B28D38CE8B33EB07', '3', '羊密码', 'http://754053.8637.com/index', null, '', '/upload/common/img/2015/20151021/F1C59D72578D45D9A44B1D8E72FB2A90.jpg', '羊密码', '1445184000000', '1445961599999', '3', '1445244555034', '1445419982292', '_self', '0'), ('56C29CCB7DCA45C08F7430EAB99F0BB2', 'E5662FB9499F4B808CE30A19BD19F2D5', '6', '乐儿佳', 'http://597940.8637.com/', null, '', '/upload/common/img/2015/20151020/994A93E3D00D460B8A25BCA93C910AB3.jpg', '乐儿佳', '1445270400000', '1446047999999', '6', '1445308123681', '1445330168571', '_blank', '0'), ('5A589B5D4B1B4826881708DC2601B31B', 'DA23ACE308FF4785B7FF30AD53CDC353', '1', 'y-vison', 'http://466513.8637.com/', null, '', '/upload/common/img/2015/20151021/59DA7E5D5DCA4100A905CDDD80A2408A.jpg', 'y-vison', '1445356800000', '1446134399999', '1', '1445413164679', null, '_blank', '0'), ('620A3C439AE849FCB9AA76E6126789C0', '7C83CD44E05247619A34173F6586D5B9', '1', 'CROCODILE+(鳄鱼恤)', 'http://970172.8637.com/', null, '', '/upload/common/img/2015/20151020/68EEFCF3F0504FFB830949064C39A487.jpg', 'CROCODILE+(鳄鱼恤)', '1445184000000', '1445788799999', '1', '1445245940174', '1445330053207', '_blank', '0'), ('6AE4D2C9EBE041E9B806E8AE4BC707AC', 'E5662FB9499F4B808CE30A19BD19F2D5', '8', '路狄夫', 'http://714022.8637.com/', null, '', '/upload/common/img/2015/20151020/604A50F55BA44247A45D377699B42FC6.jpg', '路狄夫', '1445270400000', '1446047999999', '8', '1445308649679', '1445330141392', '_blank', '0'), ('70945864CE2040F1927740745B9B05B3', 'A4C2A4BB2F874C528E1DB1D008E98D73', '1', '春天瑞朵', 'http://229240.8637.com/', null, '', '/upload/common/img/2015/20151021/3EC2994C6E0240B59FFFD3B86D40C87C.jpg', '春天瑞朵', '1445356800000', '1446134399999', '1', '1445412314579', null, '_blank', '0'), ('728E967AA8C1461BB2C39549101F0989', 'BD5BC29A8A0A49869433CCE6A14BB50D', '2', '傲群', 'http://265046.8637.com/', null, '', '/upload/common/img/2015/20151021/CBA02DEE7F644643947E75C850ADEB71.jpg', '傲群', '1445356800000', '1446134399999', '2', '1445413447798', null, '_blank', '0'), ('78E9C0EA9F884ACCAA1891308301973F', '7B83CD44E05247619A34173F6586D5B9', '3', '路狄夫', 'http://714022.8637.com/', null, '#f1ae29', '/upload/common/img/2015/20151020/BFA55E55F50A49DB9DAC1D98C72E3945.jpg', '路狄夫', '1445184000000', '1445961599999', '3', '1445240810029', '1445329507489', '_blank', '0'), ('7E335D78ABBD49F590D27884E62C4B82', '7B83CD44E05247619A34173F6586D5B9', '2', '文利', 'http://217160.8637.com/', null, '#F9CBCE', '/upload/common/img/2015/20151020/75FEDA992136440EAF0123EF3D605359.jpg', '文利', '1445184000000', '1445961599999', '2', '1445240810812', '1445329473170', '_blank', '0'), ('804D564AB2684508B8C8C3A63958D6B1', '7B83CD44E05247619A34173F6586D5B9', '5', 'SNSTELLER', 'http://006008.8637.com/', null, '#2a273c', '/upload/common/img/2015/20151021/34E7AC20E93643548006AD66301C04B9.jpg', 'SNSTELLER', '1445184000000', '1445270399999', '2', '1445240808596', '1445391613685', '_blank', '0'), ('85003EC27C8645828216745249A4B7AE', '15A37F62ADB448B2B28D38CE8B33EB07', '9', '贵之都', 'http://955007.8637.com/', null, '', '/upload/common/img/2015/20151020/1ABBC911AFE24062BB8820DFF4D5DD9C.jpg', '贵之都', '1445184000000', '1445788799999', '9', '1445245454021', '1445330077464', '_blank', '0'), ('8671164BCBB64E21BCD0095830AAB64A', '39B55D1CD7BB4523BC284F3CE5E8C387', '2', '喆兔', 'http://922869.8637.com/index', null, '', '/upload/common/img/2015/20151020/3302B7AFA5B5460F93F3A83ED1D84391.jpg', '喆兔', '1445184000000', '1446047999999', '2', '1445244385164', '1445329920671', '_blank', '0'), ('93BD1631D5E8498297F2DB8A4FACA402', 'E5662FB9499F4B808CE30A19BD19F2D5', '9', '嫚身姿', 'http://66305119.8637.com/', null, '', '/upload/common/img/2015/20151020/6A506E5CF24E4AD1B377DDCD32F3A3EF.jpg', '嫚身姿', '1445270400000', '1446047999999', '9', '1445308725555', '1445330129095', '_blank', '0'), ('9626D2ED9ACA448D83C25F3F56F8E369', '15A37F62ADB448B2B28D38CE8B33EB07', '2', '清仓', 'http://577060.8637.com/', null, '', '/upload/common/img/2015/20151021/6AB27C78416F438F9349958E6162C817.jpg', '清仓', '1445184000000', '1445961599999', '2', '1445244498345', '1445420022102', '_blank', '0'), ('9AAC1071799F4B9C847A5AC7C2018643', 'E5662FB9499F4B808CE30A19BD19F2D5', '3', '爱尔倍特', 'http://10103687.8637.com/', null, '', '/upload/common/img/2015/20151020/4C9D2BBCE3B44D75950A6B75160461F0.jpg', '爱尔倍特', '1445270400000', '1446047999999', '3', '1445307444335', '1445330196787', '_blank', '0'), ('9ADFD0E71D3B4835BDF14DEF47CB27D0', '11A3003736984A05A76964C4637F387E', '1', 'syckoisme', 'http://770008.8637.com/product', null, '', '/upload/common/img/2015/20151020/2558C8D6172C4192BE9D9BF485B6B879.jpg', 'syckoisme', '1445184000000', '1445961599999', '1', '1445242853387', '1445329746505', '_blank', '0'), ('9FE1A7311F6F450BBF2E02420FE48735', '11A3003736984A05A76964C4637F387E', '2', 'Manti', 'http://220016.8637.com/product', null, '', '/upload/common/img/2015/20151021/D8A335EA274948B4B3E0315B975E74B3.jpg', 'Manti', '1445184000000', '1445961599999', '2', '1445242932244', '1445391378455', '_blank', '0'), ('A18CEAA0954C43F4B7A56C138F19F671', '11A3003736984A05A76964C4637F387E', '3', '宝薇佳利', 'http://875606.8637.com/product', null, '', '/upload/common/img/2015/20151020/57985FB506504741A158FC5464FD82D3.jpg', '宝薇佳利', '1445184000000', '1445961599999', '3', '1445243002788', '1445329728263', '_blank', '0'), ('A3FA232A376E4793A0FE06846FE9C6A7', 'ED895C92B19C4D3CADB741617EF73F1C', '1', 'YOMS', 'http://478724.8637.com/product', null, '', '/upload/common/img/2015/20151020/0210A84614E54AD9978F892C5A868745.jpg', 'YOMS', '1445184000000', '1445961599999', '1', '1445243115430', '1445329772256', '_blank', '0'), ('AA2ECE4DB2B640F197AFA15E8F8AEDAE', '7B83CD44E05247619A34173F6586D5B9', '4', '纳福纳秀', 'http://006008.8637.com/', null, '#fcccd2', '/upload/common/img/2015/20151021/80F7CD20057E4E3D8CCCBE614685EAEA.jpg', '纳福纳秀', '1445184000000', '1445961599999', '4', '1445240811581', '1445391535446', '_blank', '0'), ('B2540CB2941B43B88E768E1BBD83768D', 'E5662FB9499F4B808CE30A19BD19F2D5', '2', '鳄鱼恤', 'http://970172.8637.com/', null, '', '/upload/common/img/2015/20151020/C46E2317B78D4EBD8C78C3C08DFC2D77.jpg', '鳄鱼恤', '1444406400000', '1446307199999', '2', '1445249135587', '1445330211869', '_blank', '0'), ('B584FB5E902744DCB96FAFC77E4084C5', '74DA531F6E654D6EBC18ABC2ED309E84', '1', '羊密码', 'http://754053.8637.com/', null, '', '/upload/common/img/2015/20151021/9447A374F5E24E4AB0E43B3C2A4C83A5.jpg', '羊密码', '1445356800000', '1446134399999', '1', '1445412716620', null, '_blank', '0'), ('B8762F12254A4BB780C5E48C5A043B70', 'E5662FB9499F4B808CE30A19BD19F2D5', '1', '朵彩', 'http://docare.8637.com/', null, '', '/upload/common/img/2015/20151020/F3C41F006379462EA1E35B41E7F61B2F.jpg', '朵彩', '1445184000000', '1446220799999', '1', '1445248176312', '1445330225830', '_blank', '0'), ('BE52780F4C8A4E22866BC272869BAA0D', 'BD5BC29A8A0A49869433CCE6A14BB50D', '1', '蒂柏拉', 'http://679872.8637.com/', null, '', '/upload/common/img/2015/20151021/8B4DCBD939A64C38A2488F6CD49BF500.jpg', '蒂柏拉', '1445356800000', '1446134399999', '1', '1445413390064', null, '_blank', '0'), ('BF993C6D505142069719245BC6F97977', '15A37F62ADB448B2B28D38CE8B33EB07', '7', '珍耀', 'http://188998.8637.com/', null, '', '/upload/common/img/2015/20151020/B3D85C652EC74F5A8C8BB147CC33B67D.jpg', '珍耀', '1445184000000', '1445788799999', '7', '1445245080422', '1445330291772', '_blank', '0'), ('C467112E65B645D1BBEC8EDE091F662F', '15A37F62ADB448B2B28D38CE8B33EB07', '5', '雅歌莉', 'http://290119.8637.com/', null, '', '/upload/common/img/2015/20151021/A7303AEF731B4404B69016CC12A29FEF.jpg', '雅歌莉', '1445184000000', '1445961599999', '5', '1445244706065', '1445391150735', '_blank', '0'), ('C6BAC874F194412A88BBBFA125657A45', '74DA531F6E654D6EBC18ABC2ED309E84', '3', '锦昂', 'http://744716.8637.com/', null, '', '/upload/common/img/2015/20151021/86D6BF16E47D482A9ED166B2060FBAA5.jpg', '锦昂', '1445356800000', '1446134399999', '3', '1445412838493', null, '_blank', '0'), ('CA9077D782924A12ACB53C7F1F6E0E14', 'A4C2A4BB2F874C528E1DB1D008E98D73', '2', '岱丰姿', 'http://229086.8637.com/', null, '', '/upload/common/img/2015/20151021/90B61BBB416B47BE8071CA24F6476A92.jpg', '岱丰姿', '1445356800000', '1446134399999', '2', '1445412485486', null, '_blank', '0'), ('D7E684DFD6574968B66D0B9A112BA508', '39B55D1CD7BB4523BC284F3CE5E8C387', '3', '迪迈', 'http://299196.8637.com/index', null, '', '/upload/common/img/2015/20151020/5177B67C20C0418C92BD4B27A9D9EADB.jpg', '迪迈', '1445184000000', '1446047999999', '3', '1445244639981', '1445330366307', '_blank', '0'), ('DAF252DCA2784850A3FCD41715551111', 'ED895C92B19C4D3CADB741617EF73F1C', '3', '莱迪森', 'http://123313.8637.com/product', null, '', '/upload/common/img/2015/20151020/F023336B509B4A2A83E3AD87E1B9B109.jpg', '莱迪森', '1445184000000', '1445961599999', '3', '1445243145992', '1445333710976', '_blank', '0'), ('E05EDE7E0AD04F60857E9DA3885DF33D', 'E5662FB9499F4B808CE30A19BD19F2D5', '10', '笑雪', 'http://47261753.8637.com/', null, '', '/upload/common/img/2015/20151020/B1198854F49947C78DA97FAB15D4D458.jpg', '笑雪114', '1445270400000', '1446047999999', '10', '1445308771895', '1445330117548', '_blank', '0'), ('E74C5DAEE6444204B845FF283B556CD6', '1226CCD604E5455E9DB3AA693581F77C', '3', '黛莱美姿', 'http://935944.8637.com/product', null, '', '/upload/common/img/2015/20151020/15E30D639FAA4A0685BCFA19984A0BF6.jpg', '黛莱美姿', '1445184000000', '1445961599999', '3', '1445243786392', '1445329711451', '_blank', '0'), ('EC0E0FC203A24D3CB0F6B39AF831F0E9', 'DA23ACE308FF4785B7FF30AD53CDC353', '3', '伊扣', 'http://842607.8637.com/', null, '', '/upload/common/img/2015/20151021/98DE79D9151942B4A6F1C5A14CCACF57.jpg', '伊扣', '1445356800000', '1446134399999', '3', '1445413302151', null, '_blank', '0'), ('F2A3A792D3374E238AC885C3E8FE0633', '15A37F62ADB448B2B28D38CE8B33EB07', '6', 'CROCODILE+(鳄鱼恤)', 'http://970172.8637.com/index', null, '', '/upload/common/img/2015/20151020/62D23B07FDB34DE28D2970A58F288878.jpg', 'CROCODILE+(鳄鱼恤)', '1445184000000', '1445788799999', '6', '1445244998658', '1445330307288', '_blank', '0'), ('FC6DE2727D7F4A80A6BB7144583C5AA9', 'DA23ACE308FF4785B7FF30AD53CDC353', '2', '鳄鱼恤', 'http://970172.8637.com/', null, '', '/upload/common/img/2015/20151021/CB2667428AA7414EA727E2829A1AA291.jpg', '鳄鱼恤', '1445356800000', '1446134399999', '2', '1445413237934', null, '_blank', '0');
COMMIT;

-- ----------------------------
--  Table structure for `AdvertPosit`
-- ----------------------------
DROP TABLE IF EXISTS `AdvertPosit`;
CREATE TABLE `AdvertPosit` (
  `refrenceId` char(32) NOT NULL COMMENT '资料编号',
  `advertName` varchar(32) NOT NULL COMMENT '广告位名称',
  `advertDesc` varchar(256) NOT NULL COMMENT '广告描述',
  `advertKey` varchar(32) NOT NULL COMMENT '广告位key',
  `viewNum` int(11) DEFAULT '1' COMMENT '显示数量',
  `advertCate` tinyint(4) NOT NULL COMMENT '广告类别（1：图片广告，2：标题广告）',
  `imgWidth` int(11) DEFAULT NULL COMMENT '图片宽',
  `imgHeight` int(11) DEFAULT NULL COMMENT '图片高',
  `createTime` bigint(20) NOT NULL COMMENT '建档时间',
  `updateTime` bigint(20) DEFAULT NULL COMMENT '修改时间',
  `delFlag` tinyint(4) DEFAULT NULL COMMENT '删除状态',
  PRIMARY KEY (`refrenceId`)
) ENGINE=InnoDB DEFAULT CHARSET=utf8 COMMENT='广告位置管理';

-- ----------------------------
--  Records of `AdvertPosit`
-- ----------------------------
BEGIN;
INSERT INTO `AdvertPosit` VALUES ('11A3003736984A05A76964C4637F387E', '女装品牌馆广告', '女装品牌馆广告', 'advert_brand_lady', '3', '1', '238', '390', '1442552885295', '1445242788260', '0'), ('1226CCD604E5455E9DB3AA693581F77C', '内衣家居品牌馆广告', '内衣家居品牌馆广告', 'advert_brand_underwear', '3', '1', '238', '390', '1442553222683', '1445242849424', '0'), ('15A37F62ADB448B2B28D38CE8B33EB07', '优选品牌', '优选品牌广告位', 'advert_brand_preferred', '30', '1', '197', '250', '1442553096943', '1445242692784', '0'), ('39B55D1CD7BB4523BC284F3CE5E8C387', '箱包广告', '箱包广告', 'advert_brand_bags', '3', '1', '238', '390', '1445243019529', '1445243038525', '0'), ('74DA531F6E654D6EBC18ABC2ED309E84', '女装品牌馆下方广告', '女装品牌馆下方广告', 'advert_brand_lady_bottom', '3', '1', '80', '40', '1445411957001', null, '0'), ('7B83CD44E05247619A34173F6586D5B9', '2015首页焦点广告', '首页焦点广告', 'advert_focus_middle', '5', '1', '750', '340', '1442547034132', '1445242674794', '0'), ('7C83CD44E05247619A34173F6586D5B9', '2015首页横幅广告', '首页横幅大广告', 'advert_index_banner', '2', '1', '1190', '90', '1442547034132', null, '0'), ('A4C2A4BB2F874C528E1DB1D008E98D73', '内衣家居品牌馆下方广告', '内衣家居品牌馆下方广告', 'advert_brand_underwear_bottom', '3', '1', '80', '40', '1445412010356', null, '0'), ('BBB162AEA231449386C74FE680105698', '首页顶部左侧下图片广告', '首页顶部类目下方的广告图片', 'advert_top_left_1', '1', '1', '210', '120', '1442552969562', '1445242757937', '0'), ('BD5BC29A8A0A49869433CCE6A14BB50D', '箱包下方广告', '箱包下方广告', 'advert_brand_bags_bottom', '3', '1', '80', '40', '1445412029660', null, '0'), ('DA23ACE308FF4785B7FF30AD53CDC353', '男装品牌馆下方广告', '男装品牌馆下方广告', 'advert_brand_man_bottom', '3', '1', '80', '40', '1445411991341', null, '0'), ('E5662FB9499F4B808CE30A19BD19F2D5', '首页顶部左侧下图片广告2', '首页顶部左侧下图片广告2', 'advert_top_left_2', '10', '1', '80', '40', '1445247998185', null, '0'), ('E56AA88F29374961AFB18F5B0FD95C09', '首页优选品牌', '首页优选品牌', 'advert_brand_preferred', '10', '1', '396', '250', '1445240028102', null, '0'), ('ED895C92B19C4D3CADB741617EF73F1C', '男装品牌馆广告', '男装品牌馆广告', 'advert_brand_man', '3', '1', '238', '390', '1442552911371', '1445311329626', '0');
COMMIT;

-- ----------------------------
--  Table structure for `RoleInfo`
-- ----------------------------
DROP TABLE IF EXISTS `RoleInfo`;
CREATE TABLE `RoleInfo` (
  `refrenceId` char(32) NOT NULL COMMENT '资料编号',
  `roleCode` char(20) NOT NULL COMMENT '角色编码',
  `roleName` varchar(32) NOT NULL COMMENT '角色名称',
  `createIp` int(11) NOT NULL COMMENT '建档者IP',
  `createTime` bigint(20) NOT NULL COMMENT '建档时间',
  `updateTime` bigint(20) DEFAULT NULL,
  `canDel` bit(1) DEFAULT b'1' COMMENT '是否允许删除\r\n0：不允许\r\n1：允许',
  `delFlag` bit(1) NOT NULL COMMENT '删除状态',
  PRIMARY KEY (`refrenceId`)
) ENGINE=InnoDB DEFAULT CHARSET=utf8 COMMENT='角色信息';

-- ----------------------------
--  Records of `RoleInfo`
-- ----------------------------
BEGIN;
INSERT INTO `RoleInfo` VALUES ('29966BCCD18B4E19B687E63B042F83CF', 'ROLE_BRAND_UNOPEN', '未授权用户', '2130706433', '1441876584427', '1445305280371', b'0', b'0'), ('6A36944C75B54E42A8D7C1A4DEA6E707', 'ROLE_SYSTEM_USER', '平台管理员', '2130706433', '1440555254827', '1445307516817', b'0', b'0'), ('CC1E89E4A333478585B81BCC88D54BAF', 'ROLE_SERVICE_USER', '平台操作员', '2130706433', '1440555379816', '1444460060980', b'0', b'0'), ('D771752C9CEA4B41B65FBB086CA6FAAC', 'ROLE_DEALER_USER', '终端商用户', '2130706433', '1439433768904', '1444460084274', b'0', b'0'), ('D771752C9CEA4B41B65FBB086CA6FBAB', 'ROLE_BRAND_USER', '品牌商用户', '2130706433', '1439433744157', '1444460074804', b'0', b'0');
COMMIT;

-- ----------------------------
--  Table structure for `ClientKey`
-- ----------------------------
DROP TABLE IF EXISTS `ClientKey`;
CREATE TABLE `ClientKey` (
  `refrenceId` char(32) NOT NULL COMMENT '资料编号',
  `accessType` char(3) DEFAULT NULL COMMENT '接入类型\n001 交易平台\n002 文件服务器',
  `userKey` char(32) DEFAULT NULL COMMENT '认证钥匙',
  `userLimit` bit(1) DEFAULT NULL COMMENT '白名单限制',
  `createTime` bigint(20) NOT NULL COMMENT '申请时间',
  `updateTime` bigint(32) DEFAULT NULL COMMENT '修改时间',
  `createIp` int(11) NOT NULL COMMENT '申请者IP',
  `checkState` tinyint(4) NOT NULL DEFAULT '0' COMMENT '审核状态（0：未审核，1：审核通过，2：审核不通过)',
  `delFlag` bit(1) NOT NULL COMMENT '删除状态',
  PRIMARY KEY (`refrenceId`)
) ENGINE=InnoDB DEFAULT CHARSET=utf8 COMMENT='API接入码';

-- ----------------------------
--  Records of `ClientKey`
-- ----------------------------
BEGIN;
INSERT INTO `ClientKey` VALUES ('2BE810AD44854BC8B5722891C1629D27', '001', 'EF207E19DF8A44119BAC8B9E5D80E4EE', b'0', '1393901967', '1393901967', '-1408237224', '0', b'0'), ('A11913FCD93D4ECB8E4ED755A866BCA7', '002', '0DC1763AD47A447AB25C9A8D680B2CFF', b'0', '1393901801', '1393901801', '-1408237224', '0', b'0');
COMMIT;

-- ----------------------------
--  Table structure for `WebDefTemplate`
-- ----------------------------
DROP TABLE IF EXISTS `WebDefTemplate`;
CREATE TABLE `WebDefTemplate` (
  `refrenceId` char(32) NOT NULL COMMENT '资料编号',
  `modelName` varchar(32) NOT NULL COMMENT '模块名字',
  `modelKey` varchar(32) NOT NULL COMMENT '模块Key',
  `subDesc` varchar(256) NOT NULL COMMENT '简介',
  `htmlText` text COMMENT '模块内容',
  `createTime` bigint(20) NOT NULL COMMENT '创建时间',
  `updateTime` bigint(20) DEFAULT NULL COMMENT '修改时间',
  `delFlag` tinyint(4) NOT NULL DEFAULT '0' COMMENT '删除状态0：未删除1：已删除',
  PRIMARY KEY (`refrenceId`)
) ENGINE=InnoDB DEFAULT CHARSET=utf8 COMMENT='页面模版定义';

-- ----------------------------
--  Records of `WebDefTemplate`
-- ----------------------------
BEGIN;
INSERT INTO `WebDefTemplate` VALUES ('171C375C45F446D0A791805BC2904AED', '导航左侧分类', 'new_index_left_category', '全站类型的，导航左侧分类。', '<div class=\"type-box\">\r\n	<div class=\"type-item\">\r\n		<div class=\"type-item-head\">\r\n			<h3 class=\"type-item-title\">\r\n				<a href=\"#\">女装</a> \r\n			</h3>\r\n			<div class=\"type-item-c\">\r\n				<a title=\"\" href=\"/lady?st=p&mainId=101000000&dealId=101017000\" target=\"_blank\">春夏装</a> <a title=\"\" href=\"/lady?st=p&mainId=101000000&dealId=101008000\" target=\"_blank\">连衣裙</a> <a title=\"\" href=\"/lady?st=p&mainId=101000000&dealId=101022000\" target=\"_blank\">小吊带</a> \r\n			</div>\r\n		</div>\r\n	</div>\r\n	<div class=\"type-item\">\r\n		<div class=\"type-item-head\">\r\n			<h3 class=\"type-item-title\">\r\n				<a href=\"#\">男装</a> \r\n			</h3>\r\n			<div class=\"type-item-c\">\r\n				<a title=\"\" href=\"/man?st=p&mainId=100000000&dealId=100001000\" target=\"_blank\">羽绒服</a> <a title=\"\" href=\"/man?st=p&mainId=100000000&dealId=100002000\" target=\"_blank\">夹克</a> <a title=\"\" href=\"/man?st=p&mainId=100000000&dealId=100003000\" target=\"_blank\">长袖T恤</a> \r\n			</div>\r\n		</div>\r\n	</div>\r\n	<div class=\"type-item\">\r\n		<div class=\"type-item-head\">\r\n			<h3 class=\"type-item-title\">\r\n				<a href=\"#\">内衣</a> \r\n			</h3>\r\n			<div class=\"type-item-c\">\r\n				<a title=\"\" href=\"/underwear?st=p&mainId=103000000&dealId=103001000\" target=\"_blank\">文胸</a> <a title=\"\" href=\"/underwear?st=p&mainId=103000000&dealId=103002000\" target=\"_blank\">女士内裤</a> <a title=\"\" href=\"/underwear?st=p&mainId=103000000&dealId=103026000\" target=\"_blank\">保暖裤</a> \r\n			</div>\r\n		</div>\r\n	</div>\r\n	<div class=\"type-item\">\r\n		<div class=\"type-item-head\">\r\n			<h3 class=\"type-item-title\">\r\n				<a href=\"#\">家纺</a> \r\n			</h3>\r\n			<div class=\"type-item-c\">\r\n				<a title=\"\" href=\"/textiles?st=p&mainId=200000000&dealId=200005000\" target=\"_blank\">四件套</a> <a title=\"\" href=\"/textiles?st=p&mainId=200000000&dealId=200011000\" target=\"_blank\"> 儿童床品</a> <a title=\"\" href=\"/textiles?st=p&mainId=200000000&dealId=200017000\" target=\"_blank\">凉席</a> \r\n			</div>\r\n		</div>\r\n	</div>\r\n	<div class=\"type-item\">\r\n		<div class=\"type-item-head\">\r\n			<h3 class=\"type-item-title\">\r\n				<a href=\"#\">童装</a> \r\n			</h3>\r\n			<div class=\"type-item-c\">\r\n				<a title=\"\" href=\"/children?st=p&mainId=250000000&dealId=250001000\" target=\"_blank\">儿童套装</a> <a title=\"\" href=\"/children?st=p&mainId=250000000&dealId=250034000\" target=\"_blank\">针织衫</a> <a title=\"\" href=\"/children?st=p&mainId=250000000&dealId=250008000\" target=\"_blank\">长裤</a> \r\n			</div>\r\n		</div>\r\n	</div>\r\n	<div class=\"type-item\">\r\n		<div class=\"type-item-head\">\r\n			<h3 class=\"type-item-title\">\r\n				<a href=\"#\">鞋帽</a> \r\n			</h3>\r\n			<div class=\"type-item-c\">\r\n				<a title=\"\" href=\"/shoes&hats?st=p&mainId=150000000&dealId=150010000\" target=\"_blank\">正装皮鞋</a> <a title=\"\" href=\"/shoes&hats?st=p&mainId=150000000&dealId=150014000\" target=\"_blank\">雪地靴</a> <a title=\"\" href=\"/shoes&hats?st=p&mainId=150000000&dealId=150007000\" target=\"_blank\">板鞋</a> \r\n			</div>\r\n		</div>\r\n	</div>\r\n	<div class=\"type-item\">\r\n		<div class=\"type-item-head\">\r\n			<h3 class=\"type-item-title\">\r\n				<a href=\"#\">箱包</a> \r\n			</h3>\r\n			<div class=\"type-item-c\">\r\n				<a title=\"\" href=\"/bags?st=p&mainId=252000000&dealId=252004000\" target=\"_blank\">旅行箱</a> <a title=\"\" href=\"/bags?st=p&mainId=252000000&dealId=252003000\" target=\"_blank\">双肩包</a> <a title=\"\" href=\"/bags?st=p&mainId=252000000&dealId=252007000\" target=\"_blank\">电脑包</a> \r\n			</div>\r\n		</div>\r\n	</div>\r\n	<div class=\"type-item\">\r\n		<div class=\"type-item-head\">\r\n			<h3 class=\"type-item-title\">\r\n				<a href=\"#\">服饰配件</a> \r\n			</h3>\r\n			<div class=\"type-item-c\">\r\n				<a title=\"\" href=\"\" target=\"_blank\">围巾/手套/帽子</a> \r\n			</div>\r\n		</div>\r\n	</div>\r\n	<div class=\"type-item\">\r\n		<div class=\"type-item-head\">\r\n			<h3 class=\"type-item-title\">\r\n				<a href=\"#\">珠宝配饰</a> \r\n			</h3>\r\n			<div class=\"type-item-c\">\r\n				<a title=\"\" href=\"\" target=\"_blank\">珠宝首饰</a> <a title=\"\" href=\"\" target=\"_blank\">品质手表</a> \r\n			</div>\r\n		</div>\r\n	</div>\r\n	<div class=\"type-item\" style=\"border-bottom:0;\">\r\n		<div class=\"type-item-head\">\r\n			<h3 class=\"type-item-title\">\r\n				<a href=\"#\">孕产妇用品</a> \r\n			</h3>\r\n			<div class=\"type-item-c\">\r\n				<a title=\"\" href=\"\" target=\"_blank\">孕妇裤/托腹裤</a> \r\n			</div>\r\n		</div>\r\n	</div>\r\n</div>', '1445241951506', '1445391921325', '0');
COMMIT;

SET FOREIGN_KEY_CHECKS = 1;
